{
  "parent": "item/generated",
  "textures": {
    "layer0": "item/fairy/14"
  },
  "display": {
    "thirdperson_righthand": {
      "rotation": [ 80, 0, 0 ],
      "translation": [ 6.5, 0, 10 ],
      "scale": [ 1.0, 1.0, 1.0 ]
    },
    "firstperson_righthand": {
      "rotation": [ 0, -45, 0 ],
      "translation": [ 1.13, 4, 1.13 ],
      "scale": [ 0.45, 0.6, 0.45 ]
    },
    "gui": {
      "rotation": [ 0, 0, 0 ],
      "translation": [ 0, 0, 0 ],
      "scale": [ 1.5, 1.5, 1.5 ]
    }
  }
}