{
  "parent": "item/generated",
  "textures": {
    "layer0": "item/fairy/0"
  },
  "display": {
    "thirdperson_righthand": {
      "rotation": [ 80, 0, 0 ],
      "translation": [ 6.5, 0, 10 ],
      "scale": [ 1.0, 1.0, 1.0 ]
    },
    "firstperson_righthand": {
      "rotation": [ 0, -45, 0 ],
      "translation": [ 1.13, 4, 1.13 ],
      "scale": [ 0.45, 0.6, 0.45 ]
    },
    "gui": {
      "rotation": [ 0, 0, 0 ],
      "translation": [ 0, 0, 0 ],
      "scale": [ 1.5, 1.5, 1.5 ]
    }
  },
  "overrides": [
    {"predicate": {"custom_model_data": 1}, "model": "item/fairy/1"},
    {"predicate": {"custom_model_data": 2}, "model": "item/fairy/2"},
    {"predicate": {"custom_model_data": 3}, "model": "item/fairy/3"},
    {"predicate": {"custom_model_data": 4}, "model": "item/fairy/4"},
    {"predicate": {"custom_model_data": 5}, "model": "item/fairy/5"},
    {"predicate": {"custom_model_data": 6}, "model": "item/fairy/6"},
    {"predicate": {"custom_model_data": 7}, "model": "item/fairy/7"},
    {"predicate": {"custom_model_data": 8}, "model": "item/fairy/8"},
    {"predicate": {"custom_model_data": 9}, "model": "item/fairy/9"},
    {"predicate": {"custom_model_data": 10}, "model": "item/fairy/10"},
    {"predicate": {"custom_model_data": 11}, "model": "item/fairy/11"},
    {"predicate": {"custom_model_data": 12}, "model": "item/fairy/12"},
    {"predicate": {"custom_model_data": 13}, "model": "item/fairy/13"},
    {"predicate": {"custom_model_data": 14}, "model": "item/fairy/14"},
    {"predicate": {"custom_model_data": 15}, "model": "item/fairy/15"},
    {"predicate": {"custom_model_data": 16}, "model": "item/fairy/16"}
  ]
}