{
"music.stage.rendog_village.0":{"sounds":[{"name":"music/stage/rendog_village/0","stream":true}]},
"music.stage.rendog_village.1":{"sounds":[{"name":"music/stage/rendog_village/1","stream":true}]},
"music.stage.rendog_village.2":{"sounds":[{"name":"music/stage/rendog_village/2","stream":true}]},
"music.stage.rendog_village.3":{"sounds":[{"name":"music/stage/rendog_village/3","stream":true}]},
"music.stage.rendog_village.4":{"sounds":[{"name":"music/stage/rendog_village/4","stream":true}]},
"music.stage.rendog_village.5":{"sounds":[{"name":"music/stage/rendog_village/5","stream":true}]},
"music.stage.rendog_village.6":{"sounds":[{"name":"music/stage/rendog_village/6","stream":true}]},
"music.stage.rendog_village.7":{"sounds":[{"name":"music/stage/rendog_village/7","stream":true}]},
"music.stage.rendog_village.8":{"sounds":[{"name":"music/stage/rendog_village/8","stream":true}]},
"music.stage.rendog_village.9":{"sounds":[{"name":"music/stage/rendog_village/9","stream":true}]},
"music.stage.rendog_village.10":{"sounds":[{"name":"music/stage/rendog_village/10","stream":true}]},
"music.village.lobby_1":{"sounds":[{"name":"music/village/lobby_1","stream":true}]},
"music.village.lobby_2":{"sounds":[{"name":"music/village/lobby_2","stream":true}]},
"music.ranked.match":{"sounds":[{"name":"music/ranked/lobby","stream":true}]},
"music.ranked.pvp_1":{"sounds":[{"name":"music/ranked/pvp_1","stream":true}]},
"music.ranked.pvp_2":{"sounds":[{"name":"music/ranked/pvp_2","stream":true}]}
}