{
  "providers": [
    {
      "file": "minecraft:font/dummy.png",
      "type": "bitmap",
      "chars": ["空"],
      "ascent": -32768,
      "height": -50
    },
    {
      "file": "minecraft:font/stage_choose_1.png",
      "type": "bitmap",
      "chars": ["格"],
      "ascent": 85,
      "height": 256
    },
    {
      "file": "minecraft:font/stage_choose_2.png",
      "type": "bitmap",
      "chars": ["擊"],
      "ascent": 85,
      "height": 256
    }
  ]
}
